"Model Name",Tags
"2 Cylinder Engine","core","issues","testing"
"A Beautiful Game","showcase","video"
"Alpha Blend Mode Test","core","testing"
"Animated Cube","core","testing"
"Animated Morph Cube","core","testing"
"Animated Morph Sphere","core","testing"
"AnimatedTriangle","core","issues","testing","written"
"Antique Camera","core","testing"
"Attenuation Test","core","testing"
"Avocado","core","testing"
"Barramundi Fish","core","testing"
"Boom Box","core","testing"
"Boom Box with Axes","core","testing"
"Box","core","testing"
"Box With Spaces","core","testing"
"Box Animated","core","testing"
"Box with interleaved position and normal attributes","core","testing"
"Box Textured","core","issues","testing"
"Box Textured","core","issues","testing"
"Box Vertex Colors","core","issues","testing"
"BrainStem","core","testing"
"Buggy","core","issues","testing","video"
"Cameras","core","testing"
"Cesium Man","core","issues","testing"
"Cesium Milk Truck","core","issues","testing"
"KHR_materials_clearcoat Test","testing"
"Corset","core","testing"
"Cube","core","testing"
"Damaged Helmet","core","showcase","testing","video"
"Dragon Attenuation","showcase"
"Duck","core","issues","testing"
"Emissive Strength Test","testing"
"Environment Test","testing"
"Flight Helmet","core","showcase","testing"
"Fox","core","testing"
"Gearbox Assy","core","issues","testing"
"GlamVelvetSofa","video"
"Interpolation Test","core","testing"
"Iridescence Dielectric Spheres","testing"
"Iridescence Lamp","showcase"
"Iridescence Metallic Spheres","testing"
"Iridescence Suzanne","testing"
"Iridescent Dish with Olives","showcase","video"
"Lantern","core","testing"
"Lamp using KHR_lights_punctual Extension","testing"
"Metal-Rough Spheres","core","testing"
"Metal-Rough Spheres (textureless)","core","testing"
"Morph-Primitives Test","core","testing"
"Morph Stress Test","core","testing"
"Mosquito In Amber","showcase"
"MultiUV Test","core","testing"
"Normal-Tangent Mirror Test","core","testing"
"Normal-Tangent Test","core","testing"
"Orientation Test","core","testing"
"Reciprocating Saw","core","issues","testing"
"Recursive Skeletons","core","testing"
"Rigged Figure","core","testing"
"Rigged Simple","core","testing"
"Sci Fi Helmet","core","testing"
"SheenChair","showcase","video"
"Sheen Cloth","showcase","video"
"SimpleMeshes","core","testing","written"
"SimpleMorph","core","testing"
"SimpleSkin","core","testing","written"
"SimpleSparseAccessor","core","testing"
"SpecGlossVsMetalRough","testing"
"Specular Test","core","testing"
"Sponza","core"
"StainedGlassLamp","showcase"
"Suzanne","core","testing"
"Texture Coordinate Test","core","testing"
"Texture Encoding Test","core","issues","testing"
"Texture Linear Interpolation Test","core","testing"
"Texture Settings Test","core","testing"
"Texture Transform Multi Test","testing"
"Texture Transform Test","testing"
"Toy Car","showcase","video"
"Transmission Roughness Test","testing"
"Transmission Test","testing"
"Triangle","core","testing","written"
"TriangleWithoutIndices","core","testing"
"Two Sided Plane","core"
"Unicode❤♻Test","core","testing"
"Unlit Test","testing"
"Virtual City","core","testing"
"Vertex Color Test","core","testing"
"Water Bottle","core","testing","written"
